VaR Absolute,VaR Diff from Mean
0.039533272282953794,0.0865881708737156
