Stock,VaR95,ES95,VaR95_Pct,ES95_Pct
A,94.76721766661585,118.26772447445254,0.04738360883330792,0.05913386223722627
B,109.99310842594284,154.60357696054868,0.036664369475314276,0.051534525653516225
Total,154.6567228831308,203.50049062211255,0.030931344576626163,0.04070009812442251
