VaR Absolute,VaR Diff from Mean
0.04116643915362599,0.08644286388984526
