ES Absolute,ES Diff from Mean
0.07183531227107708,0.1181894532754382
