ES Absolute,ES Diff from Mean
0.07523208731155419,0.12117246735742215
